{"cameraMode":{"drawMode":0,"name":"Shaded","section":"Shading Mode"},"sceneLighting":true,"audioPlay":false,"sceneViewState":{"m_AlwaysRefresh":false,"showFog":true,"showSkybox":true,"showFlares":true,"showImageEffects":true,"showParticleSystems":true,"showVisualEffectGraphs":true,"m_FxEnabled":true},"in2DMode":false,"pivot":{"x":8.039257049560547,"y":1.0226728916168213,"z":4.605031967163086},"rotation":{"x":-0.0946270152926445,"y":-0.029266713187098504,"z":0.002783142263069749,"w":-0.9950792193412781},"size":0.6912147402763367,"orthographic":false}