{"cameraMode":{"drawMode":0,"name":"Shaded","section":"Shading Mode"},"sceneLighting":true,"audioPlay":false,"sceneViewState":{"m_AlwaysRefresh":false,"showFog":true,"showSkybox":true,"showFlares":true,"showImageEffects":true,"showParticleSystems":true,"showVisualEffectGraphs":true,"m_FxEnabled":true},"in2DMode":false,"pivot":{"x":5.683351993560791,"y":0.878319263458252,"z":-2.277879476547241},"rotation":{"x":0.024177823215723039,"y":0.28020182251930239,"z":0.0070598372258245949,"w":-0.9596105217933655},"size":1.1474745273590088,"orthographic":false}