{"cameraMode":{"drawMode":0,"name":"Shaded","section":"Shading Mode"},"sceneLighting":true,"audioPlay":false,"sceneViewState":{"m_AlwaysRefresh":false,"showFog":true,"showSkybox":true,"showFlares":true,"showImageEffects":true,"showParticleSystems":true,"showVisualEffectGraphs":true,"m_FxEnabled":true},"in2DMode":false,"pivot":{"x":7.801573276519775,"y":0.8988226652145386,"z":5.492412090301514},"rotation":{"x":-0.12148720026016236,"y":-0.018761837854981424,"z":0.002296771388500929,"w":-0.9924132227897644},"size":1.0892047882080079,"orthographic":false}